{
	"name": "jstree",
	"title": "jsTree",
	"description": "Tree view for jQuery",
	"version": "3.3.2",
	"homepage": "http://jstree.com",
	"keywords": [
		"ui",
		"tree",
		"jstree"
	],
	"author": {
		"name": "Ivan Bozhanov",
		"email": "jstree@jstree.com",
		"url": "http://vakata.com"
	},
	"licenses": [
		{
			"type": "MIT",
			"url": "https://github.com/vakata/jstree/blob/master/LICENSE-MIT"
		}
	],
	"bugs": "https://github.com/vakata/jstree/issues",
	"demo": "http://jstree.com/demo",
	"dependencies": {
		"jquery": ">=1.9.1"
	}
}